{
    "channel1": {
        "id": "channel1",
        "name": "Comedy and Sitcoms",
        "posts": [
            {
                "title": "Jokes and laughs",
                "content": "news about new sitcoms",
                "timestamp": "2023-12-01T09:00:00.000Z"
            },
            {
                "title": "Circus and Theaters",
                "content": "Tickets for peformence",
                "timestamp": "2023-12-01T11:28:00.000Z"
            }
        ]
    },
    "channel2": {
        "id": "channel2",
        "name": "Travel and Bussiness",
        "posts": [
            {
                "title": "Bussiness Proccesse",
                "content": "Models of sysstems",
                "timestamp": "2023-12-04T16:00:00.000Z"
            }
        ]
    },
    "channel3": {
        "id": "channel3",
        "name": "Code News",
        "posts": [
            {
                "title": "Vanilla JavaScript",
                "content": "How to add carousel",
                "timestamp": "2023-12-04T16:00:00.000Z"
            }
        ]
    }
}